date,Open,High,Low,Close,Volume
2025-05-07 00:00:00-04:00,8.1700,8.3600,8.0600,8.3600,220200
2025-05-08 00:00:00-04:00,8.4500,8.6400,8.2700,8.4300,309000
2025-05-09 00:00:00-04:00,8.4300,8.6200,8.1700,8.4500,238900
2025-05-12 00:00:00-04:00,8.9700,9.3300,8.8300,9.1100,581700
2025-05-13 00:00:00-04:00,9.1600,9.3400,8.9500,9.2500,501200
2025-05-14 00:00:00-04:00,9.3900,9.5900,9.2500,9.3900,603500
2025-05-15 00:00:00-04:00,9.2400,9.3500,9.0600,9.2900,301500
2025-05-16 00:00:00-04:00,9.2800,9.5500,9.1300,9.2900,493400
2025-05-19 00:00:00-04:00,9.0800,9.1500,8.9200,9.0400,371600
2025-05-20 00:00:00-04:00,9.0400,9.1400,8.8300,8.9400,273300
2025-05-21 00:00:00-04:00,8.8000,8.9600,8.3100,8.4700,460100
2025-05-22 00:00:00-04:00,8.4900,9.0000,8.4300,8.8300,467700
2025-05-23 00:00:00-04:00,8.5600,9.0200,8.5300,8.8500,371200
2025-05-27 00:00:00-04:00,9.1600,10.1400,9.1400,9.9000,1391400
2025-05-28 00:00:00-04:00,9.9500,10.4500,9.8600,10.0600,1013800
2025-05-29 00:00:00-04:00,10.4100,10.4500,9.8300,9.9600,531300
2025-05-30 00:00:00-04:00,9.8000,9.8200,9.3800,9.5400,444500
2025-06-02 00:00:00-04:00,9.5200,9.6900,9.3800,9.6600,296500
2025-06-03 00:00:00-04:00,9.7600,10.2700,9.4500,10.2400,444600
2025-06-04 00:00:00-04:00,10.3500,11.8400,10.2700,11.6900,1911500
2025-06-05 00:00:00-04:00,11.7100,11.8600,11.0000,11.0600,1069600
2025-06-06 00:00:00-04:00,11.3900,11.5900,11.0800,11.3400,649600
2025-06-09 00:00:00-04:00,11.6000,12.5100,11.5800,11.7800,1288400
2025-06-10 00:00:00-04:00,11.9900,12.6100,11.8600,12.2100,959500
2025-06-11 00:00:00-04:00,12.3400,12.4100,11.5300,11.6400,1704700
2025-06-12 00:00:00-04:00,11.5200,12.3700,11.3900,11.9200,1101600
2025-06-13 00:00:00-04:00,11.5400,11.7000,11.0600,11.3200,859700
2025-06-16 00:00:00-04:00,11.7000,12.1500,11.6000,11.7800,855600
2025-06-17 00:00:00-04:00,11.7600,12.1200,11.3200,11.3500,762300
2025-06-18 00:00:00-04:00,11.3500,11.8700,11.2000,11.5100,650300
2025-06-20 00:00:00-04:00,11.6500,11.6600,10.8900,11.1500,684100
2025-06-23 00:00:00-04:00,11.1000,11.4100,10.8900,11.2500,619100
2025-06-24 00:00:00-04:00,11.5100,12.0700,11.5100,11.9700,816100
2025-06-25 00:00:00-04:00,12.2100,12.2600,11.6100,11.6700,583000
2025-06-26 00:00:00-04:00,11.8000,13.0400,11.7600,12.7500,1759600
2025-06-27 00:00:00-04:00,13.2100,13.3800,11.9900,12.5200,1916300
2025-06-30 00:00:00-04:00,12.8500,13.4700,12.7500,12.9300,1633000
2025-07-01 00:00:00-04:00,12.6600,14.3500,12.4500,14.1100,2636100
2025-07-02 00:00:00-04:00,14.5500,15.1300,14.2500,15.1300,2852500
2025-07-03 00:00:00-04:00,15.6000,15.8700,15.0800,15.6000,1630100
2025-07-07 00:00:00-04:00,15.4200,15.5500,14.5800,14.8200,2219700
2025-07-08 00:00:00-04:00,15.2200,16.1700,14.7600,15.1700,4616300
2025-07-09 00:00:00-04:00,12.4400,13.9900,12.1900,13.2900,6628800
2025-07-10 00:00:00-04:00,13.3000,15.1500,13.1600,14.5900,2573100
2025-07-11 00:00:00-04:00,14.4800,14.7600,14.0500,14.1100,1301100
2025-07-14 00:00:00-04:00,13.6800,13.9900,12.9300,13.8600,1355800
2025-07-15 00:00:00-04:00,14.0900,14.6400,14.0300,14.0500,1211600
2025-07-16 00:00:00-04:00,14.0500,14.7900,14.0100,14.7800,887400
2025-07-17 00:00:00-04:00,14.7800,15.6900,14.7200,15.4800,1058600
2025-07-18 00:00:00-04:00,15.6600,15.8200,14.9900,15.0700,856200
2025-07-21 00:00:00-04:00,15.0400,16.7700,15.0400,16.4500,1614000
2025-07-22 00:00:00-04:00,19.2500,21.8200,19.0600,20.1000,6844100
2025-07-23 00:00:00-04:00,20.0600,23.0000,19.9900,22.1800,3237200
2025-07-24 00:00:00-04:00,22.1800,22.1800,20.8800,21.3200,1442100
2025-07-25 00:00:00-04:00,21.2000,21.9600,20.8000,21.7400,919100
2025-07-28 00:00:00-04:00,21.9900,22.4900,20.6300,20.9100,1052600
2025-07-29 00:00:00-04:00,21.0000,21.3900,18.6100,18.7800,1708000
2025-07-30 00:00:00-04:00,18.7400,18.9000,17.5600,17.8400,1136000
2025-07-31 00:00:00-04:00,17.6200,18.3400,16.8200,16.9000,1293300
2025-08-01 00:00:00-04:00,16.2500,17.2500,15.9400,16.8400,1166500
2025-08-04 00:00:00-04:00,17.5800,19.1300,17.4500,19.0300,1375400
2025-08-05 00:00:00-04:00,19.1000,19.5100,18.0100,18.4800,782100
2025-08-06 00:00:00-04:00,18.2300,18.3300,17.6300,18.1800,521700
2025-08-07 00:00:00-04:00,18.8700,19.4900,18.6700,18.8100,705200
2025-08-08 00:00:00-04:00,18.9100,19.2500,17.7800,18.2000,994600
2025-08-11 00:00:00-04:00,18.2100,18.4800,17.2800,17.4800,798200
2025-08-12 00:00:00-04:00,17.7200,19.5900,17.4700,19.4500,990800
2025-08-13 00:00:00-04:00,19.8600,20.7500,19.5600,20.1600,1225800
2025-08-14 00:00:00-04:00,19.4000,19.8000,18.2300,18.8600,1352900
2025-08-15 00:00:00-04:00,18.6700,18.9100,17.3300,18.3100,1198500
2025-08-18 00:00:00-04:00,18.2900,19.5900,18.2000,19.3900,1339500
2025-08-19 00:00:00-04:00,19.3200,19.8300,17.0400,17.5900,1850500
2025-08-20 00:00:00-04:00,17.4300,17.5600,16.3800,17.3800,1076000
2025-08-21 00:00:00-04:00,17.1000,17.9800,17.0400,17.6600,1146400
2025-08-22 00:00:00-04:00,17.6900,18.5400,17.3300,18.1000,1510600
2025-08-25 00:00:00-04:00,21.0700,25.7700,21.0000,24.5900,10612000
2025-08-26 00:00:00-04:00,26.0000,26.4300,24.8000,25.8900,4148500
2025-08-27 00:00:00-04:00,25.1300,25.2600,23.5400,24.3000,2129600
2025-08-28 00:00:00-04:00,24.0400,27.5100,24.0400,27.0500,3199700
2025-08-29 00:00:00-04:00,26.8000,26.8500,24.6500,24.9500,1763000
2025-09-02 00:00:00-04:00,23.5500,25.0000,22.8800,24.8800,1620200
2025-09-03 00:00:00-04:00,25.0800,25.4900,24.2500,24.5200,913500
2025-09-04 00:00:00-04:00,24.3000,26.5000,23.9100,26.2900,1381000
2025-09-05 00:00:00-04:00,26.8500,27.0800,25.3100,25.5600,968200
2025-09-08 00:00:00-04:00,26.0600,26.2900,24.6400,25.1900,923000
2025-09-09 00:00:00-04:00,25.2300,26.9500,24.2800,26.8300,1505600
2025-09-10 00:00:00-04:00,27.4100,27.7400,26.0100,26.4000,1065800
2025-09-11 00:00:00-04:00,26.5200,28.4100,26.4200,26.5700,1626000
2025-09-12 00:00:00-04:00,26.5100,27.2300,25.5900,26.4700,1026200
2025-09-15 00:00:00-04:00,26.9400,28.8000,26.2300,28.7800,1486400
2025-09-16 00:00:00-04:00,28.8800,29.0000,26.6000,28.5100,1431500
2025-09-17 00:00:00-04:00,28.2700,29.2500,27.2100,28.3300,1215300
2025-09-18 00:00:00-04:00,29.2500,31.6500,28.8000,30.5700,2301100
2025-09-19 00:00:00-04:00,30.4200,31.2000,29.9100,29.9500,1361700
2025-09-22 00:00:00-04:00,29.5600,32.6300,29.3600,32.5300,1881300
2025-09-23 00:00:00-04:00,32.9100,34.1000,32.2200,33.6300,1929100
2025-09-24 00:00:00-04:00,33.8400,33.8700,31.7500,32.2400,1527900
2025-09-25 00:00:00-04:00,30.9400,31.4800,30.1400,30.8800,1623000
2025-09-26 00:00:00-04:00,30.9200,31.4500,28.5500,30.1900,1936900
2025-09-29 00:00:00-04:00,31.0000,32.0800,29.6200,30.4500,1581500
2025-09-30 00:00:00-04:00,30.4100,30.9400,29.4100,30.1100,1740100
2025-10-01 00:00:00-04:00,30.0200,33.4500,30.0200,33.2500,1797100
2025-10-02 00:00:00-04:00,33.9500,34.3500,32.1200,32.2500,1406400
2025-10-03 00:00:00-04:00,32.3200,32.6700,30.8100,31.0200,1561000
2025-10-06 00:00:00-04:00,30.5100,32.5500,29.7600,31.6500,3273000
2025-10-07 00:00:00-04:00,25.5500,26.2900,22.9200,26.1500,8444200
2025-10-08 00:00:00-04:00,25.7300,26.8500,25.2200,25.8500,2367000
2025-10-09 00:00:00-04:00,25.2000,25.9700,24.4000,25.1500,1883700
2025-10-10 00:00:00-04:00,25.0400,25.7600,23.4400,23.4900,2053100
2025-10-13 00:00:00-04:00,24.6100,25.5500,23.4900,25.5200,1480500
2025-10-14 00:00:00-04:00,24.6600,27.9800,23.7500,27.2900,1840000
2025-10-15 00:00:00-04:00,27.9300,29.4600,27.7000,29.2500,1782100
2025-10-16 00:00:00-04:00,29.7000,29.7100,26.6700,26.7100,1446800
2025-10-17 00:00:00-04:00,26.2100,26.8300,24.5700,24.7600,1606000
2025-10-20 00:00:00-04:00,25.9100,28.8700,25.7600,28.8000,2638800
2025-10-21 00:00:00-04:00,28.2200,28.2800,25.7700,25.9200,1777500
2025-10-22 00:00:00-04:00,25.0500,25.6600,22.6100,23.6800,1902100
2025-10-23 00:00:00-04:00,23.5100,25.3400,23.0500,25.0900,1383600
2025-10-24 00:00:00-04:00,25.8100,26.0000,24.9000,24.9700,1155800
2025-10-27 00:00:00-04:00,25.4200,25.5000,24.2700,25.1400,1247400
2025-10-28 00:00:00-04:00,25.3000,26.3100,24.8500,25.0900,1097300
2025-10-29 00:00:00-04:00,25.7500,28.1000,25.1100,27.0000,1635600
2025-10-30 00:00:00-04:00,26.4000,26.5400,24.9300,25.1000,1173400
2025-10-31 00:00:00-04:00,25.3800,26.2800,25.3100,25.9900,1070600
2025-11-03 00:00:00-05:00,26.5700,27.0000,25.6200,26.0000,1317900
2025-11-04 00:00:00-05:00,24.6100,25.9800,23.8000,24.8000,1474400
2025-11-05 00:00:00-05:00,25.2100,26.0600,24.9500,25.7300,1130000
2025-11-06 00:00:00-05:00,25.3500,25.4300,23.1300,23.6900,992600
2025-11-07 00:00:00-05:00,23.0100,24.4800,22.6600,24.4800,803200
2025-11-10 00:00:00-05:00,25.0900,25.4900,24.0600,24.5900,844100
2025-11-11 00:00:00-05:00,24.0400,24.1100,22.7600,23.1600,788200
2025-11-12 00:00:00-05:00,23.8300,23.9000,22.2600,23.2200,881700
2025-11-13 00:00:00-05:00,22.8700,23.0000,20.6800,20.7400,945600
2025-11-14 00:00:00-05:00,19.2800,21.6400,19.2700,20.3400,1286500
2025-11-17 00:00:00-05:00,20.1200,20.6700,19.8100,20.0700,616000
2025-11-18 00:00:00-05:00,19.5100,20.3700,19.2500,19.7400,788300
2025-11-19 00:00:00-05:00,19.8800,20.5600,19.6400,19.8600,656500
2025-11-20 00:00:00-05:00,21.1500,21.4300,19.2700,19.4000,742800
2025-11-21 00:00:00-05:00,19.2300,20.5600,18.7000,20.2700,927800
2025-11-24 00:00:00-05:00,20.3200,21.1000,20.2500,20.8700,1027000
2025-11-25 00:00:00-05:00,20.5900,21.6900,20.1200,21.5000,645900
2025-11-26 00:00:00-05:00,21.6700,23.1600,21.2300,22.8900,724400
2025-11-28 00:00:00-05:00,23.3000,23.3600,22.8000,22.9700,336700
2025-12-01 00:00:00-05:00,22.3200,23.4100,21.9600,22.5300,606100
2025-12-02 00:00:00-05:00,22.7700,23.1300,22.2000,22.4600,506600
2025-12-03 00:00:00-05:00,22.6000,25.1300,22.2200,24.7600,759000
2025-12-04 00:00:00-05:00,24.4500,25.8800,24.3300,25.5000,586300
2025-12-05 00:00:00-05:00,25.6100,25.7500,24.6800,24.7400,398700
2025-12-08 00:00:00-05:00,25.0500,25.1400,22.6000,23.8700,771300
2025-12-09 00:00:00-05:00,23.4900,24.7500,23.1200,24.5200,346800
2025-12-10 00:00:00-05:00,24.3800,25.8500,24.1600,25.8400,633100
2025-12-11 00:00:00-05:00,25.5300,26.5300,24.6600,26.4300,531200
2025-12-12 00:00:00-05:00,26.1400,26.2000,24.2600,24.4800,476800
2025-12-15 00:00:00-05:00,24.6600,24.6600,22.6500,22.9200,686400
2025-12-16 00:00:00-05:00,22.4500,23.3100,21.6200,21.9000,656100
2025-12-17 00:00:00-05:00,22.7100,22.9800,21.3400,21.4900,562900
2025-12-18 00:00:00-05:00,22.4800,22.8900,21.4500,21.4700,427100
2025-12-19 00:00:00-05:00,21.4800,22.4900,21.4800,21.8100,571600
2025-12-22 00:00:00-05:00,22.4900,23.2000,21.9600,22.6100,493300
2025-12-23 00:00:00-05:00,22.1600,22.8400,21.9000,22.7700,318700
2025-12-24 00:00:00-05:00,22.3200,22.6600,21.7200,22.0700,317500
2025-12-26 00:00:00-05:00,22.1400,22.1400,21.0100,21.4600,347900
2025-12-29 00:00:00-05:00,21.0600,21.2700,20.2400,20.3600,523500
2025-12-30 00:00:00-05:00,20.6000,20.8200,20.3000,20.3400,497400
2025-12-31 00:00:00-05:00,20.4500,20.9500,19.9000,20.1900,880500
2026-01-02 00:00:00-05:00,21.0200,22.2900,20.9900,22.1600,645800
2026-01-05 00:00:00-05:00,22.7000,23.9500,22.5900,23.4900,726000
2026-01-06 00:00:00-05:00,24.3200,25.0600,24.0600,24.7300,802400
2026-01-07 00:00:00-05:00,24.2300,24.9300,23.7500,24.1800,643800
2026-01-08 00:00:00-05:00,23.8700,24.0800,22.4100,22.7000,1745800
2026-01-09 00:00:00-05:00,23.9000,26.4200,21.2400,26.3200,3387100
2026-01-12 00:00:00-05:00,26.0200,28.8000,25.9100,26.3500,1665700
2026-01-13 00:00:00-05:00,26.6300,28.4100,26.0000,26.8100,1839100
2026-01-14 00:00:00-05:00,26.7600,28.5000,25.5300,25.9700,1479500
2026-01-15 00:00:00-05:00,27.4300,28.2000,26.4000,26.5300,942700
2026-01-16 00:00:00-05:00,27.3500,29.4100,26.1400,28.8100,1566200
2026-01-20 00:00:00-05:00,27.3500,29.9300,27.0100,29.0600,1470000
2026-01-21 00:00:00-05:00,29.9800,30.4000,27.0600,29.2000,1241400
2026-01-22 00:00:00-05:00,30.4500,31.8400,29.7100,30.9100,1648700
2026-01-23 00:00:00-05:00,30.7700,30.8700,27.6000,28.0400,1227900
2026-01-26 00:00:00-05:00,27.8200,28.3000,26.5200,26.7800,823200
2026-01-27 00:00:00-05:00,27.0400,27.7700,26.1100,27.7500,1173300
2026-01-28 00:00:00-05:00,28.1100,30.6000,27.2400,27.9800,1206800
2026-01-29 00:00:00-05:00,27.9500,28.1500,25.7100,26.8800,993000
2026-01-30 00:00:00-05:00,26.3600,28.3400,25.0400,25.6400,965200
2026-02-02 00:00:00-05:00,25.0200,26.7600,24.6300,26.0600,841600
2026-02-03 00:00:00-05:00,27.0000,28.3100,25.5600,27.1900,967400
2026-02-04 00:00:00-05:00,27.1500,27.1500,23.1500,23.8300,1211600
2026-02-05 00:00:00-05:00,23.2800,25.4000,22.6600,23.0000,908200
2026-02-06 00:00:00-05:00,23.9900,26.6300,23.8000,26.3900,843200
2026-02-09 00:00:00-05:00,26.3100,27.9800,25.5800,27.5900,578200
2026-02-10 00:00:00-05:00,27.5500,27.7500,26.5700,26.8300,517100
2026-02-11 00:00:00-05:00,31.8100,37.4900,31.7000,33.8500,5020900
2026-02-12 00:00:00-05:00,33.1500,33.1500,27.6300,27.8900,3450900
2026-02-13 00:00:00-05:00,27.9100,30.3000,27.6000,28.8400,1380500
2026-02-17 00:00:00-05:00,28.5000,29.6500,26.0000,28.4900,1251400
2026-02-18 00:00:00-05:00,28.2100,30.1100,27.7700,29.0100,815300
2026-02-19 00:00:00-05:00,28.6900,30.3900,28.1000,30.2700,615300
2026-02-20 00:00:00-05:00,30.0400,33.6700,29.9200,33.6000,1384500
2026-02-23 00:00:00-05:00,33.4700,37.1800,33.1900,34.3200,1751700
2026-02-24 00:00:00-05:00,34.5000,40.0000,34.4200,39.2300,2580100
2026-02-25 00:00:00-05:00,39.6700,41.7500,39.4100,41.4800,1821900
2026-02-26 00:00:00-05:00,43.0000,43.1300,37.3000,39.8000,2511700
2026-02-27 00:00:00-05:00,38.2500,39.7700,36.5200,37.4300,1275900
2026-03-02 00:00:00-05:00,38.9300,44.5400,38.9200,44.0300,2723400
2026-03-03 00:00:00-05:00,40.9000,44.9600,38.7500,41.6400,3517000
2026-03-04 00:00:00-05:00,44.0400,46.9500,40.6200,42.6600,2590300
2026-03-05 00:00:00-05:00,41.3400,43.3800,38.8800,40.4900,1771900
2026-03-06 00:00:00-05:00,38.9300,40.7800,35.1700,35.6100,1562100
2026-03-09 00:00:00-04:00,35.0000,40.9300,34.8000,40.8800,1640400
2026-03-10 00:00:00-04:00,40.0800,45.7500,40.0800,41.9600,2265100
2026-03-11 00:00:00-04:00,42.0000,45.2000,41.0100,42.4500,1299100
2026-03-12 00:00:00-04:00,41.2700,41.4700,37.4100,37.6500,1478300
2026-03-13 00:00:00-04:00,38.3900,39.9700,34.6300,35.6700,1591800
2026-03-16 00:00:00-04:00,38.0000,39.3200,36.8800,37.4800,1273300
2026-03-17 00:00:00-04:00,36.9200,38.4200,36.4000,37.0900,944200
2026-03-18 00:00:00-04:00,37.6600,38.3900,35.5300,36.3100,1099900
2026-03-19 00:00:00-04:00,34.9000,37.9900,33.7500,37.7600,1473900
2026-03-20 00:00:00-04:00,37.7200,37.8100,33.4000,34.5200,1758700
2026-03-23 00:00:00-04:00,36.2600,37.8000,33.6900,37.1500,1757700
2026-03-24 00:00:00-04:00,36.2300,40.0000,36.0100,39.1900,1442100
2026-03-25 00:00:00-04:00,40.1600,41.0900,38.2900,39.0300,1152100
2026-03-26 00:00:00-04:00,37.2500,37.7400,34.5600,34.5700,1262100
2026-03-27 00:00:00-04:00,34.3200,35.1800,32.1800,32.5200,1460400
2026-03-30 00:00:00-04:00,33.7900,33.9000,29.1300,30.1200,1526700
2026-03-31 00:00:00-04:00,33.5100,37.5200,33.0000,37.0800,3326400
2026-04-01 00:00:00-04:00,38.2000,40.7300,37.7300,39.6000,3123600
2026-04-02 00:00:00-04:00,36.2300,44.5000,35.6500,44.3200,3642100
2026-04-06 00:00:00-04:00,45.3000,52.6200,44.8100,52.1600,7925100
2026-04-07 00:00:00-04:00,49.4200,53.1000,48.7000,50.2500,5751900
2026-04-08 00:00:00-04:00,57.3500,66.2800,54.8900,63.1600,10804600
2026-04-09 00:00:00-04:00,62.4900,70.2600,62.0000,68.8600,7251600
2026-04-10 00:00:00-04:00,70.1800,72.5000,65.6000,70.4300,5272900
2026-04-13 00:00:00-04:00,68.9900,74.5300,68.6900,71.6600,3390200
2026-04-14 00:00:00-04:00,73.1100,74.7200,68.5000,74.3800,2723300
2026-04-15 00:00:00-04:00,73.0800,75.8800,69.5800,73.2200,2668900
2026-04-16 00:00:00-04:00,84.6600,91.4300,80.6100,80.8500,8441000
2026-04-17 00:00:00-04:00,84.2700,85.0100,79.1200,83.8600,3903600
2026-04-20 00:00:00-04:00,84.3400,92.2000,82.5500,90.1500,3963800
2026-04-21 00:00:00-04:00,90.2000,99.6700,89.0900,93.7200,4837700
2026-04-22 00:00:00-04:00,96.4000,101.9900,91.6000,97.3600,3710300
2026-04-23 00:00:00-04:00,95.0000,98.8800,89.8000,95.5100,2461500
2026-04-24 00:00:00-04:00,98.5000,102.4800,94.5300,95.9100,2657900
2026-04-27 00:00:00-04:00,93.6200,94.4300,85.2600,88.4800,3748200
2026-04-28 00:00:00-04:00,81.3600,86.5000,76.7100,82.4300,4616200
2026-04-29 00:00:00-04:00,83.8000,85.3800,78.0400,81.8100,2304400
2026-04-30 00:00:00-04:00,87.3500,90.8400,82.6500,90.5600,3072900
2026-05-01 00:00:00-04:00,89.2800,94.8800,86.0400,93.0700,2143700
2026-05-04 00:00:00-04:00,95.6800,99.4300,84.1200,85.6100,4057600
2026-05-05 00:00:00-04:00,87.1700,93.1400,84.9900,91.1900,2270700
2026-05-06 00:00:00-04:00,91.1900,97.1700,86.3200,96.7300,2252200
