symbol,name,screens,screen_count,discovery_score,price,market_cap,trailing_pe,forward_pe,price_to_book,change_52w_pct,avg_volume_3m,exchange,quote_time
FINV,FinVolution Group,asset_value;cashflow_value;fallen_profitable,3,94.0,4.76,1123807488,3.8387098,3.3081493,0.47457194,-52.399998,897543,NYSE,1784318403
QFIN,"Qfin Holdings, Inc.",asset_value;cashflow_value;fallen_profitable,3,94.0,12.73,1549901440,2.2451499,2.7041547,0.43074185,-69.67603,1522979,NasdaqGS,1784318400
XYF,X Financial,asset_value;cashflow_value,2,82.0,4.64,178715040,1.2307692,12.54054,0.157126,-74.80999,102612,NYSE,1784318403
NUS,"Nu Skin Enterprises, Inc.",asset_value;cashflow_value,2,77.57,5.24,254404832,4.8518515,3.9696965,0.32070503,-38.785046,702856,NYSE,1784318402
CMCL,Caledonia Mining Corporation Plc,asset_value;cashflow_value;fallen_profitable,3,76.69,16.98,327935200,5.3396225,3.322896,1.2376995,-22.465754,236590,NYSE American,1784318400
VIOT,"Viomi Technology Co., Ltd",asset_value,1,70.0,0.8272,55688532,2.7573333,-13.786667,0.24697514,-75.58824,219746,NasdaqGS,1784318401
MOMO,Hello Group Inc.,asset_value;cashflow_value,2,69.24,6.005,887223232,9.098485,5.6182837,0.5536512,-30.497688,696116,NasdaqGS,1784318401
SITC,SITE Centers Corp.,cashflow_value,1,68.0,4.48,235087424,1.3493977,-6.054054,0.6997813,-59.3835,799150,NYSE,1784318402
SHOE,Shoe Station Group Inc.,asset_value;cashflow_value,2,67.02,14.49,393422432,10.733333,7.8607736,0.5842271,-30.934221,531475,NasdaqGS,1784318400
DDI,"DoubleDown Interactive Co., Ltd.",asset_value;cashflow_value,2,65.11,11.33,561440448,4.926087,4.730689,0.57280076,14.5601635,156027,NasdaqGS,1784318401
GSL,"Global Ship Lease, Inc.",asset_value;cashflow_value,2,64.31,40.16,1447182976,3.8393881,4.468841,0.7691866,44.564438,321487,NYSE,1784318402
CINT,CI&T Inc.,cashflow_value;fallen_profitable,2,63.39,3.23,415160000,10.419354,6.7335157,1.3029447,-41.485508,178279,NYSE,1784318402
HTT,High Templar Tech Limited,asset_value,1,62.32,2.51,389761600,3.984127,,0.22913614,-24.397587,279272,NYSE,1784318403
AII,"American Integrity Insurance Group, Inc.",asset_value;cashflow_value,2,61.11,18.66,365564608,3.8553717,6.1958976,1.0891262,10.479569,116770,NYSE,1784318402
GLRE,"Greenlight Capital Re, Ltd.",asset_value;cashflow_value,2,60.2,17.07,566151232,7.233051,10.66875,0.77580327,30.604435,187274,NasdaqGS,1784318401
MSIF,"MSC Income Fund, Inc.",fallen_profitable,1,59.79,11.32,513307968,6.1521735,7.648545,0.7133854,-32.052822,282256,NYSE,1784318402
INSP,"Inspire Medical Systems, Inc.",cashflow_value;fallen_profitable,2,59.23,50.6,1457945472,11.499999,40.06905,1.839331,-59.56529,1161162,NYSE,1784318403
VRTS,"Virtus Investment Partners, Inc.",cashflow_value;fallen_profitable,2,59.11,164.46,1098941824,9.69122,6.4468837,1.1978761,-20.68866,117190,NYSE,1784318402
SND,"Smart Sand, Inc.",asset_value;cashflow_value,2,58.14,4.77,205041696,8.672727,15.387096,0.80222,153.7234,391967,NasdaqGS,1784318401
BBW,"Build-A-Bear Workshop, Inc.",cashflow_value;fallen_profitable,2,57.78,34.13,427902944,7.9929748,7.9249163,2.640619,-35.894066,388496,NYSE,1784318403
FOR,Forestar Group Inc.,asset_value;cashflow_value,2,57.22,29.9,1525161088,9.115853,9.402515,0.83854496,35.416664,147391,NYSE,1784318403
GLOB,Globant S.A.,cashflow_value,1,57.08,32.23,1391677056,13.101625,4.8806562,0.6542037,-62.405228,1992783,NYSE,1784318403
TASK,"TaskUs, Inc.",cashflow_value,1,54.14,5.83,533900960,5.159292,3.834013,1.9407457,-65.786385,605525,NasdaqGS,1784318400
GASS,StealthGas Inc.,asset_value,1,53.69,8.53,317193920,5.047337,5.6490064,0.4391022,29.635262,135696,NasdaqGS,1784318401
FPH,"Five Point Holdings, LLC",asset_value,1,53.58,5.24,778275776,8.590163,7.939393,0.45071387,-14.379084,168067,NYSE,1784318403
EPAM,"EPAM Systems, Inc.",cashflow_value;fallen_profitable,2,53.37,88.66,4631993344,12.738506,6.269788,1.363245,-46.429,1976812,NYSE,1784318403
ETD,Ethan Allen Interiors Inc.,cashflow_value;fallen_profitable,2,53.25,22.78,579667648,14.417722,15.710344,1.22335,-21.691305,574185,NYSE,1784318402
UPWK,Upwork Inc.,cashflow_value;fallen_profitable,2,53.05,9.06,1119074304,11.185185,5.199456,1.9652929,-32.286995,4065498,NasdaqGS,1784318400
NSLR,Neostellar Capital Corp.,asset_value,1,52.84,10.2,270026848,1.4592274,-18.378378,0.71624184,16.30559,291511,NasdaqGS,1784318400
RCS,"PIMCO Strategic Income Fund, Inc.",fallen_profitable,1,52.43,5.3,250280256,6.883117,,1.1188517,-24.068768,142491,NYSE,1784318402
FVRR,Fiverr International Ltd.,cashflow_value,1,52.19,11.22,403367168,14.571429,5.369218,0.9593844,-56.578945,852395,NYSE,1784318402
JRVR,"James River Group Holdings, Inc.",asset_value,1,52.18,4.59,212227184,10.928572,4.140843,0.40938282,-19.473684,439650,NasdaqGS,1784318401
BRW,Saba Capital Income & Opportunities Fund,fallen_profitable,1,52.05,6.62,336924896,8.48718,,0.8666056,-21.096546,217466,NYSE,1784318402
LUXE,LuxExperience B.V.,cashflow_value,1,51.97,8.13,1115936768,1.3993115,-135.23375,0.80260235,7.114625,229685,NYSE,1784318402
GLAD,Gladstone Capital Corporation,fallen_profitable,1,51.34,19.91,449827968,10.6470585,10.262886,0.93207246,-29.894363,173314,NasdaqGS,1784318401
TNK,Teekay Tankers Ltd.,asset_value;cashflow_value,2,50.8,70.07,2427494912,5.69212,8.677721,1.108492,61.34008,379688,NYSE,1784318402
ETG,Eaton Vance Tax-Advantaged Global Dividend Income Fund,asset_value,1,50.65,23.02,1756930304,3.5800934,,0.9345567,10.993254,128743,NYSE,1784318403
CMRE,Costamare Inc.,cashflow_value,1,50.22,14.74,1779683456,5.208481,5.3021584,0.8267893,61.269154,466416,NYSE,1784318403
AMSC,American Superconductor Corporation,cashflow_value;fallen_profitable,2,50.04,33.025,1600467840,10.827869,22.264095,2.83209,-21.914894,1249943,NasdaqGS,1784318401
FSP,Franklin Street Properties Corp.,asset_value,1,50.0,0.495,51326716,,-1.5967742,0.08605703,-69.69697,647075,NYSE American,1784318400
YELP,Yelp Inc.,cashflow_value;fallen_profitable,2,49.41,26.22,1441856256,12.027522,6.367942,2.3230264,-24.806421,1288416,NYSE,1784318403
HQL,Abrdn Life Sciences Investors,asset_value,1,49.3,19.74,600254848,2.9728916,,1.0703248,51.72944,118583,NYSE,1784318402
GAB,The Gabelli Equity Trust Inc.,asset_value,1,48.78,5.63,1752037504,5.744898,,1.0075161,-3.4583986,1187588,NYSE,1784318402
INVA,"Innoviva, Inc.",cashflow_value,1,48.06,21.71,1602387968,3.468051,9.823529,1.1943008,11.333334,823066,NasdaqGS,1784318400
CLW,Clearwater Paper Corporation,asset_value,1,48.04,15.98,257681536,,-11.57971,0.31664255,-43.473648,201019,NYSE,1784318403
PD,"PagerDuty, Inc.",cashflow_value,1,47.64,10.3,794362496,4.975846,7.32804,3.6460178,-29.548561,2126962,NYSE,1784318403
SD,"SandRidge Energy, Inc.",asset_value,1,47.15,13.63,503195904,6.648781,9.147651,0.95381385,34.41814,340135,NYSE,1784318402
PXED,"Phoenix Education Partners, Inc.",cashflow_value;fallen_profitable,2,45.99,30.16,1087188864,13.834862,6.4287434,3.709717,-20.943642,110772,NYSE,1784318403
TG,Tredegar Corporation,cashflow_value,1,45.99,7.52,262435040,9.170732,6.7747746,1.1530206,-13.264132,176924,NYSE,1784318402
ECC,Eagle Point Credit Company,asset_value,1,45.92,3.7,489172448,,4.654088,0.8877159,-49.31507,1002874,NYSE,1784318402
MGPI,"MGP Ingredients, Inc.",asset_value,1,45.65,17.86,381690304,,8.49465,0.6565694,-40.70385,205045,NasdaqGS,1784318401
STNE,StoneCo Ltd.,cashflow_value,1,45.57,11.15,2711994624,4.1760297,4.6767707,1.1379948,-17.22346,5450112,NasdaqGS,1784318400
NLOP,Net Lease Office Properties,asset_value,1,44.88,11.61,171991408,,,1.0115883,-64.92447,152946,NYSE,1784318402
AD,"Array Digital Infrastructure, Inc.",fallen_profitable,1,44.67,35.0,3025503232,8.816121,38.461536,1.6276042,-49.892628,347630,NYSE,1784318402
HRTG,"Heritage Insurance Holdings, Inc.",cashflow_value,1,44.49,27.04,818596096,4.147239,5.7126803,1.532185,23.30141,451300,NYSE,1784318403
HLNE,Hamilton Lane Incorporated,cashflow_value;fallen_profitable,2,43.91,85.85,4767578112,14.501689,11.701542,4.09883,-43.47139,988454,NasdaqGS,1784318401
CRTO,Criteo S.A.,cashflow_value,1,42.98,22.48,1129496960,10.553989,4.938868,0.9941624,-3.7259102,374124,NasdaqGS,1784318401
ITRI,"Itron, Inc.",cashflow_value;fallen_profitable,2,42.95,85.99,3812740352,13.736421,13.114109,2.371353,-37.063606,762708,NasdaqGS,1784318400
ORLA,Orla Mining Ltd.,cashflow_value;fallen_profitable,2,42.88,8.61,3231442432,11.958332,5.2518573,3.9368997,-29.42623,3427150,NYSE American,1784318400
ARDT,"Ardent Health, Inc.",cashflow_value,1,42.83,10.15,1455002752,10.797872,8.15261,1.0867237,-7.305938,529950,NYSE,1784318402
MED,"Medifast, Inc.",asset_value,1,42.36,10.26,114082120,,-17.1,0.53215766,-25.598257,219890,NYSE,1784318402
TGLS,Tecnoglass Inc.,cashflow_value;fallen_profitable,2,42.32,46.48,2062076672,14.390093,13.019608,2.8047307,-37.69437,300400,NYSE,1784318403
EVT,Eaton Vance Tax-Advantaged Dividend Income Fund,asset_value,1,42.22,27.1,2020109440,4.2410016,,0.9480165,12.681913,101988,NYSE,1784318402
LRN,"Stride, Inc.",cashflow_value;fallen_profitable,2,42.15,87.32,3713268992,13.665102,9.9718275,2.2283468,-34.09314,819682,NYSE,1784318402
LKFT,Lakefront Biotherapeutics NV,cashflow_value,1,41.99,30.01,1965195008,3.5556874,-15.299941,10.646449,-6.6272554,171046,NasdaqGS,1784318401
TUYA,Tuya Inc.,asset_value,1,41.8,1.74,1066812544,17.4,13.132076,1.0648715,-30.677288,1050030,NYSE,1784318402
RIGL,"Rigel Pharmaceuticals, Inc.",cashflow_value,1,41.26,40.54,750074368,2.101607,8.481278,1.8735558,106.94232,391166,NasdaqGS,1784318400
CNX,CNX Resources Corporation,cashflow_value,1,41.24,33.28,4708374528,4.437333,8.12752,1.0210154,2.7794957,1868869,NYSE,1784318403
GIII,"G-III Apparel Group, Ltd.",cashflow_value,1,41.22,35.42,1494390016,12.47183,14.34008,0.8192436,52.60663,568004,NasdaqGS,1784318401
NEXA,Nexa Resources S.A.,cashflow_value,1,41.21,12.19,1614426624,7.7151895,3.4305847,1.4149739,146.26262,1058979,NYSE,1784318402
DGICA,Donegal Group Inc.,cashflow_value,1,41.19,18.71,693198080,10.511235,9.978666,1.0669479,2.3522973,136506,NasdaqGS,1784318401
ASC,Ardmore Shipping Corporation,asset_value,1,40.82,15.4,628360256,11.666666,18.011696,0.9596211,54.463387,685172,NYSE,1784318403
AMPH,"Amphastar Pharmaceuticals, Inc.",cashflow_value,1,40.77,19.745,870614720,11.894579,6.582369,1.1396168,-6.7956567,608272,NasdaqGS,1784318400
LKQ,LKQ Corporation,fallen_profitable,1,40.6,25.38,6466591232,12.69,7.6349425,1.0016971,-31.60873,3028070,NasdaqGS,1784318401
PAGS,PagSeguro Digital Ltd.,cashflow_value,1,40.15,9.04,2526854656,6.411348,4.804958,0.8836138,13.0,3431851,NYSE,1784318402
FPI,Farmland Partners Inc.,asset_value,1,39.73,9.71,430795968,16.457628,48.55,0.9146571,-14.824563,397364,NYSE,1784318403
EIC,Eagle Point Income Company Inc.,asset_value,1,39.68,9.89,231757872,,6.932227,0.8245103,-26.41369,109574,NYSE,1784318403
HIPO,Hippo Holdings Inc.,cashflow_value,1,39.65,29.33,763633408,6.665909,9.798451,1.7018684,10.22172,139485,NYSE,1784318403
DOX,Amdocs Limited,fallen_profitable,1,39.41,52.63,5587411456,10.50499,6.528424,1.6519666,-40.213562,1346577,NasdaqGS,1784318401
PERI,Perion Network Ltd.,asset_value,1,39.24,9.37,387008064,,7.1938577,0.5640501,-16.264523,461351,NasdaqGS,1784318400
SSYS,Stratasys Ltd.,asset_value,1,39.18,8.14,706665984,,45.22222,0.8559411,-25.79763,965712,NasdaqGS,1784318400
RVT,"Royce Small-Cap Trust, Inc.",asset_value,1,39.15,17.92,2192759552,6.1793103,,1.013059,17.04768,305735,NYSE,1784318402
KRNT,Kornit Digital Ltd.,asset_value,1,38.98,15.025,696265664,,54.835766,0.9824756,-29.360603,238866,NasdaqGS,1784318401
CALM,"Cal-Maine Foods, Inc.",cashflow_value,1,38.74,88.55,4195196928,6.1621437,36.515465,1.553618,-16.596025,784283,NasdaqGS,1784318400
PBH,Prestige Consumer Healthcare Inc.,fallen_profitable,1,38.71,49.92,2364818432,12.767262,9.846153,1.2514728,-33.9333,693716,NYSE,1784318402
PLGO,Pelagos Insurance Capital Limit,cashflow_value,1,38.64,25.4,2171617792,6.9780216,6.2476788,0.96350807,60.556255,429988,NYSE,1784318402
SPOK,"Spok Holdings, Inc.",fallen_profitable,1,38.46,10.64,222237792,18.0339,12.666668,1.5755961,-39.2,174448,NasdaqGS,1784318401
UFCS,"United Fire Group, Inc.",cashflow_value,1,38.34,51.09,1310773504,10.300404,11.278145,1.3786869,87.761856,146422,NasdaqGS,1784318401
LPG,Dorian LPG Ltd.,cashflow_value,1,38.29,41.03,1755373312,9.037445,11.910014,1.5411487,46.32667,667535,NYSE,1784318403
VTOL,Bristow Group Inc.,cashflow_value,1,38.27,44.17,1307688704,11.502604,8.397338,1.234868,24.774015,252683,NYSE,1784318403
GPOR,Gulfport Energy Corporation,cashflow_value,1,38.2,152.91,2747737600,5.0282803,5.27498,1.5278319,-9.20912,395309,NYSE,1784318402
PLAB,"Photronics, Inc.",cashflow_value,1,38.18,28.85,1701102592,10.645757,14.282179,1.3516047,47.94872,1508120,NasdaqGS,1784318400
VVR,Invesco Senior Income Trust,asset_value,1,38.12,2.96,455618080,32.88889,,0.7942045,-20.21563,891151,NYSE,1784318402
STRA,"Strategic Education, Inc.",cashflow_value,1,38.03,76.53,1739556864,13.545133,9.455935,1.0473375,-1.4550626,294943,NasdaqGS,1784318401
UVE,"Universal Insurance Holdings, Inc.",cashflow_value,1,38.03,38.91,1086021632,5.755917,8.843182,1.9777371,52.588238,219464,NYSE,1784318403
ROOT,"Root, Inc.",fallen_profitable,1,37.95,59.63,943722048,17.642012,19.486929,2.8726275,-50.93796,277209,NasdaqGS,1784318400
APT,"Alpha Pro Tech, Ltd.",asset_value,1,37.73,5.16,52719368,15.17647,4.448276,0.8297154,8.40336,100511,NYSE American,1784318400
DMC,Del Monte Corporation,asset_value,1,37.69,29.33,1395421952,20.227585,8.703264,0.6925456,-15.377956,489666,NYSE,1784318403
SBH,"Sally Beauty Holdings, Inc.",cashflow_value,1,37.69,14.88,1419678336,8.220995,6.642857,1.7031016,59.314774,1544572,NYSE,1784318402
NBR,Nabors Industries Ltd.,cashflow_value,1,37.33,83.89,1241228800,6.136796,20.444021,2.1819649,175.59132,307780,NYSE,1784318402
FG,"F&G Annuities & Life, Inc.",cashflow_value,1,37.31,32.1,4252768000,8.316062,6.305244,0.92949176,4.594326,788311,NYSE,1784318402
STNG,Scorpio Tankers Inc.,cashflow_value,1,37.28,76.49,3806796544,7.550839,12.323222,1.0277598,78.631485,955091,NYSE,1784318403
HG,"Hamilton Insurance Group, Ltd.",cashflow_value,1,37.09,34.94,3468004608,5.7372737,7.492291,1.2740664,66.14361,503785,NYSE,1784318402
ZVRA,"Zevra Therapeutics, Inc.",cashflow_value,1,37.06,12.77,754899648,6.3532343,10.6861925,3.6684864,8.866156,1671614,NasdaqGS,1784318401
SENEA,Seneca Foods Corporation,cashflow_value,1,36.92,170.09,1152707072,10.258745,,1.525635,64.29055,138606,NasdaqGS,1784318400
INGR,Ingredion Incorporated,fallen_profitable,1,36.81,102.56,6467337216,9.861539,8.869195,1.4741775,-22.921991,891727,NYSE,1784318402
TKC,Turkcell Iletisim Hizmetleri A.S.,cashflow_value,1,36.63,5.72,4979700224,12.711111,10.792453,0.05122464,-1.7182112,1611450,NYSE,1784318402
SPNT,SiriusPoint Ltd.,cashflow_value,1,36.62,24.9,2926798848,6.2720404,9.0054245,1.2538396,28.948736,780461,NYSE,1784318403
CGAU,Centerra Gold Inc.,cashflow_value,1,36.6,15.09,2996799488,4.867742,7.4469976,1.4319606,100.9321,1577061,NYSE,1784318403
INMD,InMode Ltd.,cashflow_value,1,36.33,15.47,889227584,11.459259,10.683702,1.4346657,10.816622,820720,NasdaqGS,1784318401
REPX,"Riley Exploration Permian, Inc.",cashflow_value,1,36.12,35.0,759358208,12.195123,4.2514424,1.3639375,32.575764,331625,NYSE American,1784318400
SPIR,"Spire Global, Inc.",cashflow_value,1,35.46,12.14,469958208,7.63522,-48.56,4.4632354,0.663352,1476333,NYSE,1784318402
SKYW,"SkyWest, Inc.",cashflow_value,1,35.26,97.23,3856169216,9.322147,8.1109085,1.4149337,-13.527214,418067,NasdaqGS,1784318400
ASO,"Academy Sports and Outdoors, Inc.",cashflow_value,1,34.92,48.39,3001069056,8.54947,6.915436,1.4489325,-10.30584,1506012,NasdaqGS,1784318401
RGP,"Resources Connection, Inc.",asset_value,1,34.76,4.64,159288144,,-464.0,0.84733385,-10.76923,457730,NasdaqGS,1784318401
API,"Agora, Inc.",asset_value,1,34.57,3.91,330589664,43.444443,-43.444443,0.59612745,-1.758796,440337,NasdaqGS,1784318400
KELYA,"Kelly Services, Inc.",asset_value,1,34.53,15.32,531132000,,8.959064,0.546967,20.535015,446990,NasdaqGS,1784318401
G,Genpact Limited,fallen_profitable,1,34.52,30.89,5236056064,9.47546,6.8935966,2.1153188,-31.202675,2901677,NYSE,1784318402
AMSF,"AMERISAFE, Inc.",cashflow_value,1,34.5,33.9,634057920,13.950618,16.272028,2.5695446,-23.111814,239675,NasdaqGS,1784318401
MAT,"Mattel, Inc.",cashflow_value,1,34.24,14.3,4155136768,9.166667,8.90411,1.9726859,-28.06841,4798990,NasdaqGS,1784318401
IMKTA,"Ingles Markets, Incorporated",asset_value,1,34.17,90.15,1712343040,16.420767,19.180853,1.0302857,34.995506,141680,NasdaqGS,1784318401
KD,"Kyndryl Holdings, Inc.",cashflow_value,1,34.13,12.15,2679283968,14.294117,4.7249055,2.302881,-68.88604,4352480,NYSE,1784318403
CHA,Chagee Holdings Limited,fallen_profitable,1,33.96,11.3,2155625728,15.479452,6.699652,1.8694918,-53.612484,682761,NasdaqGS,1784318401
AVNW,"Aviat Networks, Inc.",asset_value,1,33.73,20.785,268946752,30.123188,7.348236,0.9880211,-12.018621,193343,NasdaqGS,1784318401
GPRK,GeoPark Limited,cashflow_value,1,33.58,9.68,628190912,9.132076,3.7052634,2.1401727,45.78314,558696,NYSE,1784318403
FSM,Fortuna Mining Corp.,cashflow_value,1,33.54,8.16,2472132096,7.5555553,4.9563584,1.4015802,21.609533,5181030,NYSE,1784318402
DCBO,Docebo Inc.,fallen_profitable,1,33.23,20.38,517298432,17.418804,10.122533,-849.1666,-33.355133,144620,NasdaqGS,1784318401
MMS,"Maximus, Inc.",cashflow_value,1,33.18,58.3,3063103232,8.753754,6.427784,1.8246119,-17.91045,768987,NYSE,1784318402
DUOL,"Duolingo, Inc.",fallen_profitable,1,32.86,133.85,6236488704,15.314647,17.058214,4.5050654,-62.385834,1584096,NasdaqGS,1784318401
NICE,NICE Ltd.,fallen_profitable,1,32.82,100.15,5868508672,11.88019,7.9319887,40.807594,-35.582428,688750,NasdaqGS,1784318400
MUX,McEwen Inc.,cashflow_value,1,32.8,16.37,977945280,13.872883,4.821797,1.4861553,44.483673,1167811,NYSE,1784318403
HAFN,Hafnia Limited,cashflow_value,1,32.71,7.25,3623414528,8.055555,10.661764,1.4224052,38.095238,1810464,NYSE,1784318402
ZTR,Virtus Global Dividend & Income Fund Inc.,asset_value,1,32.53,6.8,,12.056738,,0.94000554,9.854603,159693,NYSE,1784318403
APOG,"Apogee Enterprises, Inc.",cashflow_value,1,32.41,41.03,856226048,12.862068,10.520513,1.6878521,-1.2277305,267456,NasdaqGS,1784318401
CRCT,"Cricut, Inc.",cashflow_value,1,32.16,4.63,971830720,13.617647,24.368422,2.7187319,-13.940519,523003,NasdaqGS,1784318401
GROY,Gold Royalty Corp.,asset_value,1,31.85,2.55,588563456,,23.61111,0.8152174,4.5081973,1909993,NYSE American,1784318400
ACTG,Acacia Research Corporation,asset_value,1,31.7,4.54,438514688,,-8.566038,0.82967836,24.72527,249551,NasdaqGS,1784318401
EBF,"Ennis, Inc.",cashflow_value,1,31.61,21.38,540877056,12.802395,13.279503,1.7382113,20.450699,164853,NYSE,1784318403
VRA,"Vera Bradley, Inc.",asset_value,1,31.61,3.75,106643448,,-125.0,0.8393017,79.425835,368008,NasdaqGS,1784318400
BTG,B2Gold Corp.,cashflow_value,1,31.59,3.67,4889972736,9.657895,3.4010139,1.3335756,6.9970846,26007396,NYSE American,1784318400
TBLA,Taboola.com Ltd.,cashflow_value,1,31.57,5.28,1443152640,14.666667,7.741936,1.5098656,48.314606,3192037,NasdaqGS,1784318401
ALG,Alamo Group Inc.,fallen_profitable,1,31.54,162.43,1976503808,19.406212,13.499834,1.6644806,-24.81485,188850,NYSE,1784318403
OIS,"Oil States International, Inc.",asset_value,1,31.11,8.43,507430528,,9.764517,0.8888655,60.26616,827266,NYSE,1784318403
IPI,"Intrepid Potash, Inc.",asset_value,1,31.09,34.2,459409632,30.810812,56.037094,0.905217,-0.46565533,225651,NYSE,1784318402
MHO,"M/I Homes, Inc.",cashflow_value,1,30.97,149.53,3853045760,11.234409,9.819734,1.1986469,30.845297,248962,NYSE,1784318402
HLX,"Helix Energy Solutions Group, Inc.",asset_value,1,30.94,9.58,1411923840,95.799995,17.658985,0.9063387,49.45397,1778862,NYSE,1784318402
EIM,Eaton Vance Municipal Bond Fund,asset_value,1,30.66,9.75,500882848,42.391304,,0.93355036,3.283894,126595,NYSE American,1784318400
HOG,"Harley-Davidson, Inc.",cashflow_value,1,30.65,26.58,2798031616,13.772021,13.694184,0.913151,12.722647,2794374,NYSE,1784318403
MMU,Western Asset Managed Municipals Fund Inc.,asset_value,1,30.65,10.38,566943680,259.5,,0.93538797,5.1671743,132383,NYSE,1784318402
CLNE,Clean Energy Fuels Corp.,asset_value,1,30.61,2.38,524134656,,48.571434,0.93922657,16.097557,1536295,NasdaqGS,1784318401
PDS,Precision Drilling Corporation,asset_value,1,30.6,83.66,1082664320,,9.003971,0.93991506,69.04426,106396,NYSE,1784318402
VMO,Invesco Municipal Opportunity Trust,asset_value,1,30.41,9.81,661593152,35.035717,,0.95856947,10.224724,264148,NYSE,1784318402
MTH,Meritage Homes Corporation,cashflow_value,1,30.37,74.17,4954605056,13.534671,11.439367,0.97124374,6.032884,956803,NYSE,1784318402
PRG,"PROG Holdings, Inc.",cashflow_value,1,30.24,46.42,1859843456,11.811705,8.70511,2.401697,64.49326,530617,NYSE,1784318402
OIA,Invesco Municipal Income Opportunities Trust,asset_value,1,30.08,6.22,298136000,32.736843,,0.9917092,11.27013,116135,NYSE,1784318402
PRDO,Perdoceo Education Corporation,cashflow_value,1,30.04,31.66,1985181184,12.08397,9.479042,1.9853264,9.323204,671656,NasdaqGS,1784318400
BWLP,BW LPG Limited,cashflow_value,1,30.03,20.37,3092463616,8.558824,,1.626737,56.211662,463114,NYSE,1784318402
KE,"Kimball Electronics, Inc.",asset_value,1,30.02,23.97,576452672,22.828571,17.244604,0.99796,23.620426,185283,NasdaqGS,1784318401
SLDE,"Slide Insurance Holdings, Inc.",cashflow_value,1,29.96,20.5,2348464640,5.631868,5.8198957,2.1642737,11.413038,1380609,NasdaqGS,1784318400
VNT,Vontier Corporation,cashflow_value,1,29.68,30.35,4273280000,10.724382,8.184917,3.397515,-20.29937,1896850,NYSE,1784318402
APAM,Artisan Partners Asset Management Inc.,cashflow_value,1,29.41,38.51,2733950208,9.6516285,9.532178,7.027372,-14.913834,810043,NYSE,1784318403
PLX,"Protalix BioTherapeutics, Inc.",cashflow_value,1,29.34,2.38,191760512,12.526317,3.8387098,2.853717,56.578945,722256,NYSE American,1784318400
DRD,DRDGOLD Limited,cashflow_value,1,29.16,19.9,1726121344,12.6751585,29.264706,2.6247685,34.45946,318050,NYSE,1784318403
WU,The Western Union Company,cashflow_value,1,28.84,8.88,2774423808,6.529412,4.647001,3.0494506,9.629631,8901653,NYSE,1784318569
BKE,"The Buckle, Inc.",cashflow_value,1,28.8,42.47,2187973376,9.740826,10.102428,4.685053,-13.238001,489551,NYSE,1784318402
YMM,Full Truck Alliance Co. Ltd.,fallen_profitable,1,28.77,9.14,9559473152,15.491527,10.679899,1.612639,-24.21227,8722817,NYSE,1784318402
VISN,"Vistance Networks, Inc.",asset_value,1,28.75,12.13,2736159744,17.838236,9.307286,0.59536666,54.52229,7202229,NasdaqGS,1784318400
OLED,Universal Display Corporation,fallen_profitable,1,28.67,80.18,3748486656,17.857462,16.279575,2.1998463,-46.628506,884656,NasdaqGS,1784318400
TDC,Teradata Corporation,cashflow_value,1,28.27,30.52,2871932160,6.983982,10.6342945,5.172881,41.689884,2838869,NYSE,1784318402
MZTI,The Marzetti Company,fallen_profitable,1,28.2,107.14,2938033664,16.766823,14.843447,2.8120735,-40.533943,367317,NasdaqGS,1784318401
MTUS,Metallus Inc.,asset_value,1,28.19,19.38,806746880,276.85712,14.516853,1.1814911,17.739975,336966,NYSE,1784318403
GNK,Genco Shipping & Trading Limited,asset_value,1,28.13,24.12,1051078528,61.846157,13.76139,1.1871833,59.207916,335367,NYSE,1784318402
OPRA,Opera Limited,cashflow_value,1,28.08,19.36,1733745536,15.36508,11.11545,1.7711098,9.131908,427312,NasdaqGS,1784318401
EEFT,"Euronet Worldwide, Inc.",cashflow_value,1,27.94,81.34,3097028096,11.926685,6.6718993,2.5565753,-19.481289,714822,NasdaqGS,1784318401
AMR,"Alpha Metallurgical Resources, Inc.",asset_value,1,27.91,143.8,1828363008,,5.270295,1.2089012,14.063621,254679,NYSE,1784318403
JBSS,"John B. Sanfilippo & Son, Inc.",cashflow_value,1,27.6,79.47,928970560,13.917688,16.695377,2.3964176,19.57568,121261,NasdaqGS,1784318401
INSW,"International Seaways, Inc.",cashflow_value,1,27.55,86.76,4295027712,7.90164,13.469206,1.9573604,125.81987,582516,NYSE,1784318403
FDS,FactSet Research Systems Inc.,fallen_profitable,1,27.45,258.09,9179111424,17.001976,13.119869,4.543518,-38.997353,938493,NYSE,1784318402
HCI,"HCI Group, Inc.",cashflow_value,1,27.25,177.97,2271752960,7.798861,9.633538,2.1082995,24.777401,186261,NYSE,1784318403
FIZZ,National Beverage Corp.,fallen_profitable,1,27.16,31.07,2908528128,15.85204,15.131666,4.539743,-33.240223,431027,NasdaqGS,1784318401
GRBK,"Green Brick Partners, Inc.",cashflow_value,1,26.81,72.75,3138766080,10.714286,11.668003,1.6796731,15.220141,243527,NYSE,1784318402
PEGA,Pegasystems Inc.,fallen_profitable,1,26.48,32.16,5374452224,17.383783,10.583577,7.688262,-37.358784,2253625,NasdaqGS,1784318401
HAPN,"Happen, Inc.",cashflow_value,1,26.4,19.23,2218198272,12.82,8.293905,1.4578121,50.1171,2310166,NasdaqGS,1784318401
KNSL,"Kinsale Capital Group, Inc.",fallen_profitable,1,26.38,343.99,7933379072,15.153744,15.866696,4.032235,-27.736229,325182,NYSE,1784318402
AEO,"American Eagle Outfitters, Inc.",cashflow_value,1,26.27,17.03,2853773824,10.710692,8.754209,1.7345693,71.67338,5168964,NYSE,1784318561
QNST,"QuinStreet, Inc.",cashflow_value,1,26.27,16.78,963933312,14.982143,11.015342,3.1056821,9.102726,798161,NasdaqGS,1784318400
ERO,Ero Copper Corp.,cashflow_value,1,26.23,24.13,2516227328,8.617857,5.125438,2.291548,66.87414,1252614,NYSE,1784318402
PARR,"Par Pacific Holdings, Inc.",cashflow_value,1,26.21,76.25,3823501056,8.635334,7.254098,2.478224,135.41217,1085980,NYSE,1784318403
PAYC,"Paycom Software, Inc.",fallen_profitable,1,26.13,147.94,6898012672,17.122684,12.042191,8.298649,-35.096954,970582,NYSE,1784318440
HMN,Horace Mann Educators Corporation,cashflow_value,1,26.02,52.61,2124453504,13.218593,10.404079,1.4452106,28.442383,257475,NYSE,1784318402
ARLP,"Alliance Resource Partners, L.P.",cashflow_value,1,25.84,24.42,3141847808,12.852632,8.518595,1.7802726,-9.016395,339991,NasdaqGS,1784318401
BZ,Kanzhun Limited,fallen_profitable,1,25.73,14.91,6662654976,14.066038,10.303684,2.2818067,-21.027542,3800109,NasdaqGS,1784318401
RLX,RLX Technology Inc.,asset_value,1,25.72,2.05,2505621760,18.636364,12.328523,1.0775762,-9.292036,2589248,NYSE,1784318402
ANF,Abercrombie & Fitch Co.,cashflow_value,1,25.51,95.24,4231676160,9.210832,8.118058,3.1577203,-0.07344484,1337012,NYSE,1784318403
DLB,"Dolby Laboratories, Inc.",fallen_profitable,1,25.33,49.07,4641929216,19.472221,10.698394,1.7729522,-34.669155,875027,NYSE,1784318402
MTX,Minerals Technologies Inc.,cashflow_value,1,25.16,74.91,2322864384,14.7170925,10.495273,1.3441836,26.94459,234220,NYSE,1784318402
EXLS,"ExlService Holdings, Inc.",fallen_profitable,1,24.74,28.16,4302367232,17.936304,11.166848,5.5324163,-33.881195,2635553,NasdaqGS,1784318401
BTU,Peabody Energy Corporation,asset_value,1,24.18,22.44,2733955840,,5.9562044,0.7819906,41.043365,3225780,NYSE,1784318403
OPCH,"Option Care Health, Inc.",fallen_profitable,1,23.41,21.74,3413777920,16.984375,10.639756,2.5261445,-25.471378,3363258,NasdaqGS,1784318400
ESTC,Elastic N.V.,fallen_profitable,1,23.28,61.59,6402380800,17.956268,15.875594,5.0541606,-29.092794,2028117,NYSE,1784318473
BSM,"Black Stone Minerals, L.P.",cashflow_value,1,22.92,14.31,3040865536,11.267717,12.23077,3.9323993,19.25,345803,NYSE,1784318402
FHI,"Federated Hermes, Inc.",cashflow_value,1,22.75,58.69,4455313920,11.396116,10.114606,3.5110073,23.870827,747190,NYSE,1784318402
FRSH,Freshworks Inc.,fallen_profitable,1,22.57,10.89,3010368256,17.852459,13.631244,2.9802957,-26.269466,17159525,NasdaqGS,1784318401
ACAD,ACADIA Pharmaceuticals Inc.,cashflow_value,1,22.52,25.6,4383638528,11.583711,28.73531,3.509253,14.901257,1592872,NasdaqGS,1784318400
WLY,"John Wiley & Sons, Inc.",cashflow_value,1,21.68,50.97,2587255296,12.252404,9.616981,3.0557554,29.529858,495929,NYSE,1784318402
SIG,Signet Jewelers Limited,cashflow_value,1,21.64,91.65,3560582656,12.944916,7.481211,1.9178456,11.252737,863937,NYSE,1784318588
LCII,LCI Industries,cashflow_value,1,21.49,108.17,2629775872,13.256127,11.004069,1.8936661,11.148787,459301,NYSE,1784318403
OII,"Oceaneering International, Inc.",cashflow_value,1,21.27,42.28,4217229056,12.583333,19.854239,3.8107255,103.562836,1069298,NYSE,1784318402
MD,"Pediatrix Medical Group, Inc.",cashflow_value,1,21.14,26.13,2145845504,12.684466,11.074099,2.3830369,106.72469,838958,NYSE,1784318402
MGNI,"Magnite, Inc.",fallen_profitable,1,21.04,19.0,2721085184,18.09524,15.372169,2.9664323,-22.194921,2905890,NasdaqGS,1784318401
TDW,Tidewater Inc.,cashflow_value,1,21.02,75.82,3770577920,12.785835,12.105247,2.7555878,57.859673,795233,NYSE,1784318402
SBLK,Star Bulk Carriers Corp.,asset_value,1,20.67,24.9,2777120000,19.92,6.935469,1.1427785,35.1058,1252053,NasdaqGS,1784318400
CAAP,Corporación América Airports S.A.,cashflow_value,1,19.16,24.83,4052819712,14.270115,10.899769,2.2448242,26.168705,220633,NYSE,1784318403
